{
    "notes": [
        {
            "x": 9,
            "y": 2,
            "time": 1.1260000467300416,
            "order": 0,
            "hand": 0,
            "color": 1
        },
        {
            "x": 7,
            "y": 5,
            "time": 1.1260000467300416,
            "order": 0,
            "hand": 1,
            "color": 0
        },
        {
            "x": 7,
            "y": 5,
            "time": 1.6890000104904175,
            "order": 0,
            "hand": 1,
            "color": 0
        },
        {
            "x": 9,
            "y": 4,
            "time": 1.6890000104904175,
            "order": 0,
            "hand": 0,
            "color": 1
        }
    ]
}