{
    "notes": [
        {
            "x": 2,
            "y": 2,
            "time": 5.271857261657715,
            "order": 0,
            "hand": 0,
            "color": 0
        },
        {
            "x": 2,
            "y": 3,
            "time": 5.605190753936768,
            "order": 1,
            "hand": 0,
            "color": 0
        },
        {
            "x": 2,
            "y": 4,
            "time": 5.938523769378662,
            "order": 2,
            "hand": 0,
            "color": 2
        },
        {
            "x": 3,
            "y": 5,
            "time": 6.271857261657715,
            "order": 3,
            "hand": 0,
            "color": 1
        }
    ]
}